"Name","InAD","InSuperOps","OS","CurrentCategory","ExcelGroup","RecommendedCategory","Reason","AssetId"
"CL-DMZ-01","False","True","Microsoft Windows Server 2019 Standard","SV_SW-Std_Auto-Update-1","AutoInstall","SV_SW-Std_Auto-Update-1","Bereits aktiv in SuperOps konfiguriert - unveraendert uebernommen [NICHT (mehr) in AD gefunden]","5037667291742158848"
"SV-BI-APP-01","True","True","Windows Server 2012 R2 Datacenter","SV_SW-Std_Update-ScanOnly","Gruppe 1","SV_SW-Std_NO-Update","Windows Server 2012 R2 - absolute Regel, kein Patch","1635266155442036736"
"SV-BI-DB-01","True","True","Windows Server 2012 R2 Datacenter","SV_SW-Std_Update-ScanOnly","Gruppe 1","SV_SW-Std_NO-Update","Windows Server 2012 R2 - absolute Regel, kein Patch","5230272169006956544"
"SV-CEE-APP-01","True","False","Windows Server 2012 R2 Datacenter","","Gruppe 1","SV_SW-Std_NO-Update","Windows Server 2012 R2 - absolute Regel, kein Patch [NICHT in SuperOps onboarded]",""
"SV-CEE-BI-01","True","True","Windows Server 2012 R2 Datacenter","SV_SW-Std_Update-ScanOnly","Gruppe 1","SV_SW-Std_NO-Update","Windows Server 2012 R2 - absolute Regel, kein Patch","1635266204389564416"
"SV-CEE-DB-01","True","False","Windows Server 2012 R2 Datacenter","","Gruppe 1","SV_SW-Std_NO-Update","Windows Server 2012 R2 - absolute Regel, kein Patch [NICHT in SuperOps onboarded]",""
"SV-CEE-SOM-01","True","False","Windows Server 2012 R2 Datacenter","","Gruppe 1","SV_SW-Std_NO-Update","Windows Server 2012 R2 - absolute Regel, kein Patch [NICHT in SuperOps onboarded]",""
"SV-DMZ-DVL-01","False","True","Microsoft Windows Server 2019 Standard","SV_SW-Std_Auto-Update-1","","SV_SW-Std_Auto-Update-1","Bereits aktiv in SuperOps konfiguriert - unveraendert uebernommen [NICHT (mehr) in AD gefunden]","5230306651621654528"
"SV-DMZ-DVL-11","False","True","Microsoft Windows Server 2025 Standard","SV_SW-Std_Auto-Update-1","","SV_SW-Std_Auto-Update-1","Bereits aktiv in SuperOps konfiguriert - unveraendert uebernommen [NICHT (mehr) in AD gefunden]","8023572872427855872"
"SV-DMZ-LF-JP-01","False","True","Microsoft Windows Server 2025 Standard","SV_SW-Std_Auto-Update-1","","SV_SW-Std_Auto-Update-1","Bereits aktiv in SuperOps konfiguriert - unveraendert uebernommen [NICHT (mehr) in AD gefunden]","7966022770867331072"
"SV-EOTEC-01","True","True","Windows Server 2016 Standard","SV_SW-Std_Update-ScanOnly","Gruppe 1","SV_SW-Std_Manual-Update-Group-1","Historische Excel-Gruppe 1","1635274626426167296"
"SV-FILE-02","True","False","Windows Server 2025 Standard","","Gruppe 2","SV_SW-Std_Manual-Update-Group-2","Historische Excel-Gruppe 2 [NICHT in SuperOps onboarded]",""
"SV-NLQA-APP-01","True","False","Windows Server 2012 R2 Datacenter","","Gruppe 2","SV_SW-Std_NO-Update","Windows Server 2012 R2 - absolute Regel, kein Patch [NICHT in SuperOps onboarded]",""
"SV-NLQA-DB-01","True","False","Windows Server 2012 R2 Datacenter","","Gruppe 2","SV_SW-Std_NO-Update","Windows Server 2012 R2 - absolute Regel, kein Patch [NICHT in SuperOps onboarded]",""
"SV-OS-ADC-11","True","True","Windows Server 2025 Standard","SV_SW-Std_Auto-Update-1","","SV_SW-Std_Auto-Update-1","Bereits aktiv in SuperOps konfiguriert - unveraendert uebernommen","2306133800067006464"
"SV-OS-ADC-12","True","True","Windows Server 2025 Standard","SV_SW-Std_Auto-Update-2","","SV_SW-Std_Auto-Update-2","Bereits aktiv in SuperOps konfiguriert - unveraendert uebernommen","8870355083154956288"
"SV-OS-APP-01","True","True","Windows Server 2019 Standard","SV_SW-Std_Auto-Update-1","","SV_SW-Std_Auto-Update-1","Bereits aktiv in SuperOps konfiguriert - unveraendert uebernommen","5036518128623108096"
"SV-OS-APP-02","True","True","Windows Server 2019 Standard","SV_SW-Std_Auto-Update-1","","SV_SW-Std_Auto-Update-1","Bereits aktiv in SuperOps konfiguriert - unveraendert uebernommen","3751049490482864128"
"SV-OS-AV-01","True","False","Windows Server 2019 Standard","","Gruppe 1|AutoInstall","SV_SW-Std_Auto-Update-2","Von GIO entschieden 06.08.2026 [NICHT in SuperOps onboarded]",""
"SV-OS-BAK-01","True","True","Windows Server 2019 Standard","SV_SW-Std_Auto-Update-2","Gruppe 3","SV_SW-Std_Auto-Update-2","Bereits aktiv in SuperOps konfiguriert - unveraendert uebernommen","9014460145718771712"
"SV-OS-BAK-03","True","True","Windows Server 2019 Standard","SV_SW-Std_Auto-Update-1","Gruppe 3","SV_SW-Std_Auto-Update-1","Bereits aktiv in SuperOps konfiguriert - unveraendert uebernommen","123850073147936768"
"SV-OS-BAK-12","True","True","Windows Server 2025 Standard","SV_SW-Std_Auto-Update-1","","SV_SW-Std_Auto-Update-1","Bereits aktiv in SuperOps konfiguriert - unveraendert uebernommen","1744406547151568896"
"SV-OS-BITST-01","True","False","Windows Server 2012 R2 Datacenter","","AutoInstall","SV_SW-Std_NO-Update","Windows Server 2012 R2 - absolute Regel, kein Patch [NICHT in SuperOps onboarded]",""
"SV-OS-BITST-02","True","False","Windows Server 2012 R2 Datacenter","","AutoInstall","SV_SW-Std_NO-Update","Windows Server 2012 R2 - absolute Regel, kein Patch [NICHT in SuperOps onboarded]",""
"SV-OS-CEE-TA-01","True","True","Windows Server 2019 Standard","SV_SW-Std_Auto-Update-1","","SV_SW-Std_Auto-Update-1","Bereits aktiv in SuperOps konfiguriert - unveraendert uebernommen","8242597358378274816"
"SV-OS-CR-01","True","True","Windows Server 2019 Standard","SV_SW-Std_Update-ScanOnly","","SV_SW-Std_Auto-Update-2","Von GIO entschieden 06.08.2026","5037655650849865728"
"SV-OS-DC-01","True","True","Windows Server 2019 Datacenter","SV_SW-Std_Auto-Update-1","AutoInstall","SV_SW-Std_NO-Update","Domain Controller ditzlernet.local - absolute Regel, kein Patch","3793236466891575296"
"SV-OS-DC-02","True","True","Windows Server 2019 Datacenter","SV_SW-Std_Auto-Update-2","AutoInstall","SV_SW-Std_NO-Update","Domain Controller ditzlernet.local - absolute Regel, kein Patch","1516517069427871744"
"SV-OS-DEV-01","True","True","Windows Server 2025 Standard","WS_SW-Std_Update-1","","SV_SW-Std_Auto-Update-2","Von GIO entschieden 06.08.2026","3378034932107231232"
"SV-OS-FSND-11","True","True","Windows Server 2025 Standard","SV_SW-Std_Update-ScanOnly","","SV_SW-Std_NO-Update","FS-Cluster-Node, Patch ueber WSUS+CAU orchestriert, nicht ueber SuperOps","3460437488710950912"
"SV-OS-FSND-12","True","True","Windows Server 2025 Standard","SV_SW-Std_Update-ScanOnly","","SV_SW-Std_NO-Update","FS-Cluster-Node, Patch ueber WSUS+CAU orchestriert, nicht ueber SuperOps","1113426693491871744"
"SV-OS-IH-01","True","True","Windows Server 2019 Standard","SV_SW-Std_Auto-Update-2","Gruppe 3","SV_SW-Std_Auto-Update-2","Bereits aktiv in SuperOps konfiguriert - unveraendert uebernommen","1635282824172363776"
"SV-OS-JUMP-01","False","True","Microsoft Windows Server 2022 Standard Evaluation","SV_SW-Std_Auto-Update-1","","SV_SW-Std_Auto-Update-1","Bereits aktiv in SuperOps konfiguriert - unveraendert uebernommen [NICHT (mehr) in AD gefunden]","6777353255230836736"
"SV-OS-KMS-01","True","True","Windows Server 2025 Standard","SV_SW-Std_Auto-Update-2","","SV_SW-Std_Auto-Update-2","Bereits aktiv in SuperOps konfiguriert - unveraendert uebernommen","340424372689625088"
"SV-OS-MGT-01","True","True","Windows Server 2019 Standard","SV_SW-Std_Auto-Update-2","AutoInstall","SV_SW-Std_Auto-Update-2","Bereits aktiv in SuperOps konfiguriert - unveraendert uebernommen","1291279533970051072"
"SV-OS-MGT-11","True","True","Windows Server 2025 Standard","SV_SW-Std_Auto-Update-1","","SV_SW-Std_Auto-Update-1","Bereits aktiv in SuperOps konfiguriert - unveraendert uebernommen","912349820114063360"
"SV-OS-NL-01","True","True","Windows Server 2019 Standard","SV_SW-Std_Update-ScanOnly","","SV_SW-Std_Manual-Update-Group-1","Comarch-Gruppe (GIO 06.08.2026)","6317909081668583424"
"SV-OS-OIP-01","True","True","Windows Server 2019 Standard","SV_SW-Std_Update-ScanOnly","Gruppe 2|Gruppe 3","SV_SW-Std_Manual-Update-Group-2","Vorlaeufige Wahl (Gruppe 2 vs 3 war offen) - bitte bestaetigen","5037660743968047104"
"SV-OS-PRB-01","True","True","Windows Server 2025 Standard","SV_SW-AV-Rly_Auto-Update-2","","SV_SW-AV-Rly_Auto-Update-2","Bitdefender-Relay, ausserhalb Std-Schema - unveraendert belassen (GIO 06.08.2026)","1777114226387550208"
"SV-OS-PRT-01","True","True","Windows Server 2019 Standard","SV_SW-Std_Update-ScanOnly","","SV_SW-Std_Manual-Update-Group-1","Comarch-Gruppe (GIO 06.08.2026)","931571484474855424"
"SV-OS-PRT-11","True","True","Windows Server 2025 Standard","SV_SW-Std_Update-ScanOnly","","SV_SW-Std_Manual-Update-Group-1","Comarch-Gruppe (GIO 06.08.2026)","1053445745967390720"
"SV-OS-PRTG-01","True","True","Windows Server 2025 Standard","SV_SW-Std_Auto-Update-2","","SV_SW-Std_Auto-Update-2","Bereits aktiv in SuperOps konfiguriert - unveraendert uebernommen","3319556558199451648"
"SV-OS-PWR-01","True","True","Windows Server 2019 Standard","SV_SW-Std_Update-ScanOnly","Gruppe 1","SV_SW-Std_Manual-Update-Group-2","Von GIO korrigiert 06.08.2026 (nicht Gruppe 1)","3751094959217057792"
"SV-OS-SAGE-01","True","True","Windows Server 2019 Standard","SV_SW-Std_Update-ScanOnly","Gruppe 2","SV_SW-Std_Manual-Update-Group-2","Historische Excel-Gruppe 2","3751120303047319552"
"SV-OS-SQLND-05","True","True","Windows Server 2022 Standard","","","SV_SW-Std_NO-Update","Von GIO entschieden 06.08.2026","3460546357399363584"
"SV-OS-SQLND-11","True","True","Windows Server 2025 Standard","","","SV_SW-Std_NO-Update","SQL-Cluster-Node, Patch ueber WSUS+CAU orchestriert, nicht ueber SuperOps","8454147777349611520"
"SV-OS-SQLND-12","True","True","Windows Server 2025 Standard","","","SV_SW-Std_NO-Update","SQL-Cluster-Node, Patch ueber WSUS+CAU orchestriert, nicht ueber SuperOps","1022381999775703040"
"SV-OS-TIME-01","True","True","Windows Server 2019 Standard","SV_SW-Std_Update-ScanOnly","Gruppe 2|Gruppe 3","SV_SW-Std_Auto-Update-2","Von GIO entschieden 06.08.2026","3751094916779089920"
"SV-OS-TIME-11","True","True","Windows Server 2025 Standard","","","SV_SW-Std_Auto-Update-2","Von GIO entschieden 06.08.2026","3447796475365994496"
"SV-OS-UPS-01","True","True","Windows Server 2019 Standard","SV_SW-Std_Auto-Update-1","AutoInstall","SV_SW-Std_Auto-Update-1","Bereits aktiv in SuperOps konfiguriert - unveraendert uebernommen","3655450426126028800"
"SV-OS-WDS-11","True","True","Windows Server 2019 Standard","SV_SW-Std_Auto-Update-2","","SV_SW-Std_Auto-Update-2","Bereits aktiv in SuperOps konfiguriert - unveraendert uebernommen","302722642744745984"
"SV-OS-WSUS-01","True","True","Windows Server 2025 Standard","","AutoInstall","SV_SW-Std_Auto-Update-2","Von GIO entschieden 06.08.2026","7631324831867908096"
"SV-PB-DVL-11","False","True","Microsoft Windows Server 2025 Standard","SV_SW-Std_Auto-Update-1","","SV_SW-Std_Auto-Update-1","Bereits aktiv in SuperOps konfiguriert - unveraendert uebernommen [NICHT (mehr) in AD gefunden]","6675565801733537792"
"SV-PB-PRB-11","False","True","Microsoft Windows Server 2025 Standard","SV_SW-AV-Rly_Auto-Update-2","","SV_SW-AV-Rly_Auto-Update-2","Bitdefender-Relay, ausserhalb Std-Schema - unveraendert belassen (GIO 06.08.2026) [NICHT (mehr) in AD gefunden]","8220301085618819072"
"SV-PRINT-06","True","False","Windows Server 2012 R2 Datacenter","","Gruppe 1","SV_SW-Std_NO-Update","Windows Server 2012 R2 - absolute Regel, kein Patch [NICHT in SuperOps onboarded]",""
"SV-PSG-CIM-01","False","True","Microsoft Windows Server 2019 Standard","SV_SW-Std_Update-ScanOnly","Gruppe 4","SV_SW-Std_Manual-Update-Group-4","Grundstoff / isoliertes Netz (Gruppe 4) [NICHT (mehr) in AD gefunden]","1306826073592401920"
"SV-PSG-CIM-02","False","True","Microsoft Windows Server 2019 Standard","SV_SW-Std_Update-ScanOnly","Gruppe 4","SV_SW-Std_Manual-Update-Group-4","Grundstoff / isoliertes Netz (Gruppe 4) [NICHT (mehr) in AD gefunden]","1306822750629892096"
"SV-PSG-DC-01","False","True","Microsoft Windows Server 2019 Standard","SV_SW-Std_Auto-Update-1","Gruppe 4","SV_SW-Std_Auto-Update-1","Bereits aktiv in SuperOps konfiguriert - unveraendert uebernommen [NICHT (mehr) in AD gefunden]","1951775646885867520"
"SV-PSG-DC-02","False","True","Microsoft Windows Server 2019 Standard","SV_SW-Std_Auto-Update-2","","SV_SW-Std_Auto-Update-2","Bereits aktiv in SuperOps konfiguriert - unveraendert uebernommen [NICHT (mehr) in AD gefunden]","572882326766067712"
"SV-PSG-HIST-01","False","True","Microsoft Windows Server 2019 Standard","SV_SW-Std_Update-ScanOnly","Gruppe 4","SV_SW-Std_Manual-Update-Group-4","Grundstoff / isoliertes Netz (Gruppe 4) [NICHT (mehr) in AD gefunden]","1951772813461549056"
