"Name","Category","Platform","Status"
"CL-DMZ-01","SV_SW-Std_Auto-Update-1","Microsoft Windows Server 2019 Standard","OFFLINE"
"CL-DMZ-02","SV_SW-Std_Auto-Update-1","Microsoft Windows 10 Pro","OFFLINE"
"CLT-0UG65THOF2F","WS_SW-Std_Update-1","Microsoft Windows 11 Business","ONLINE"
"CLT-252OWKHUTG3","WS_SW-Mike_Update-1","Microsoft Windows 11 Business","OFFLINE"
"CLT-2HNYCXXVKSV","WS_SW-Std_Update-1","Microsoft Windows 11 Business","ONLINE"
"CLT-2Y0ZH5G87AO","WS_SW-Std_Update-1","Microsoft Windows 11 Business","ONLINE"
"CLT-3FIMH7ENSVV","WS_SW-Std_Update-1","Microsoft Windows 11 Business","ONLINE"
"CLT-3PPE21HIZOG","WS_SW-Std_Update-2","Microsoft Windows 11 Business","OFFLINE"
"CLT-41W8DKTL40N","WS_SW-Std_Update-1","Microsoft Windows 11 Business","ONLINE"
"CLT-4CSZJ0N58Z6","WS_SW-Std_Update-1","Microsoft Windows 11 Business","OFFLINE"
"CLT-4OGH1NKQ1YM","WS_SW-IT_Update-Pilot","Microsoft Windows 11 Business","ONLINE"
"CLT-70BPXLZCOLK","WS_SW-Std_Update-2","Microsoft Windows 11 Business","ONLINE"
"CLT-8JFRXDZWPOL","WS_SW-Std_Update-1","Microsoft Windows 11 Business","OFFLINE"
"CLT-A2C5MVMWWXP","WS_SW-Std_Update-1","Microsoft Windows 11 Business","OFFLINE"
"CLT-AFJFC0ZHBHB","WS_SW-Std_Update-1","Microsoft Windows 11 Business","ONLINE"
"CLT-ASZRFXGNUYU","WS_SW-Std_Update-1","Microsoft Windows 11 Business","OFFLINE"
"CLT-B5GSF4BI5NI","WS_SW-Std_Update-1","Microsoft Windows 11 Business","OFFLINE"
"CLT-BBSLMRQSPCB","WS_SW-IT_Update-Pilot","Microsoft Windows 11 Business","OFFLINE"
"CLT-C6TNO4AGXHM","WS_SW-Std_Update-2","Microsoft Windows 11 Pro","OFFLINE"
"CLT-DC84R6WWVMX","WS_SW-Std_Update-1","Microsoft Windows 11 Business","OFFLINE"
"CLT-DGHPURJ1XQK","WS_SW-IT_Update-Pilot","Microsoft Windows 11 Business","OFFLINE"
"CLT-EIGRHBTQQVK","WS_SW-Std_Update-2","Microsoft Windows 11 Business","ONLINE"
"CLT-F6MUZQJ2C13","WS_SW-Std_Update-1","Microsoft Windows 11 Business","ONLINE"
"CLT-FLO0F4V2UHK","WS_SW-Std_Update-1","Microsoft Windows 11 Business","OFFLINE"
"CLT-FOUEFISALDQ","WS_SW-Std_Update-2","Microsoft Windows 11 Business","OFFLINE"
"CLT-FUEDZGK69RM","WS_SW-Std_Update-1","Microsoft Windows 11 Business","OFFLINE"
"CLT-GVQ3EITXJRW","WS_SW-Std_Update-1","Microsoft Windows 11 Business","OFFLINE"
"CLT-H5CCJDYHJDA","WS_SW-Std_Update-1","Microsoft Windows 11 Business","OFFLINE"
"CLT-HIO4VWRHLTO","WS_SW-Std_Update-1","Microsoft Windows 11 Business","ONLINE"
"CLT-HUFYBPKVIFO","WS_SW-Std_Update-2","Microsoft Windows 11 Business","ONLINE"
"CLT-IXIKDSAHPWM","WS_SW-Std_Update-1","Microsoft Windows 11 Business","OFFLINE"
"CLT-JWBM4T88NWL","WS_SW-Std_Update-1","Microsoft Windows 11 Business","OFFLINE"
"CLT-KDJYOKTTFG1","WS_SW-Std_Update-2","Microsoft Windows 11 Business","ONLINE"
"CLT-KF6ZU89VUFB","WS_SW-Std_Update-1","Microsoft Windows 11 Business","ONLINE"
"CLT-KIOSK-01","WS_SW-Kiosk_Update-1","Microsoft Windows 11 Pro","ONLINE"
"CLT-KIOSK-02","WS_SW-Kiosk_Update-1","Microsoft Windows 11 Pro","ONLINE"
"CLT-L8UBQ5AUDLE","WS_SW-Std_Update-1","Microsoft Windows 11 Business","ONLINE"
"CLT-LAU5URTA10H","WS_SW-Std_Update-1","Microsoft Windows 11 Pro","OFFLINE"
"CLT-LBCGQ4Y2POV","WS_SW-Std_Update-1","Microsoft Windows 11 Business","ONLINE"
"CLT-NHL7AU5JRVH","WS_SW-Std_Update-Pilot","Microsoft Windows 11 Business","OFFLINE"
"CLT-NIICMZSKWWB","WS_SW-Std_Update-1","Microsoft Windows 11 Business","OFFLINE"
"CLT-NLFKMJT5E62","WS_SW-Std_Update-2","Microsoft Windows 11 Business","OFFLINE"
"CLT-NRPT1FISHES","WS_SW-Std_Update-1","Microsoft Windows 11 Business","ONLINE"
"CLT-NTPUOLL7B5D","WS_SW-Std_Update-2","Microsoft Windows 11 Business","ONLINE"
"CLT-OG89DYK0LB0","WS_SW-Std_Update-2","Microsoft Windows 11 Business","OFFLINE"
"CLT-P4ZDYZHALMX","WS_SW-Std_Update-2","Microsoft Windows 11 Business","OFFLINE"
"CLT-PBPFEJ2MVA0","WS_SW-Std_Update-1","Microsoft Windows 11 Business","ONLINE"
"CLT-PMIUO6CN1XY","WS_SW-Std_Update-2","Microsoft Windows 11 Business","ONLINE"
"CLT-PMSKOUSMUQ6","WS_SW-Std_Update-2","Microsoft Windows 11 Business","OFFLINE"
"CLT-PNKULPQDSNB","WS_SW-Std_Update-Pilot","Microsoft Windows 11 Business","OFFLINE"
"CLT-PT25PLIOCYG","WS_SW-Std_Update-1","Microsoft Windows 11 Business","ONLINE"
"CLT-QDIX36RK5T3","WS_SW-Marketing_Update-2","Microsoft Windows 11 Business","ONLINE"
"CLT-QLSMBWTBE1E","WS_SW-Std_Update-1","Microsoft Windows 11 Business","ONLINE"
"CLT-QSQMV4ERRWZ","WS_SW-Std_Update-1","Microsoft Windows 11 Business","ONLINE"
"CLT-QVCLM6G4SII","WS_SW-Std_Update-Pilot","Microsoft Windows 11 Business","ONLINE"
"CLT-R09ODL2U4T6","WS_SW-Std_Update-1","Microsoft Windows 11 Business","OFFLINE"
"CLT-R55FYC0ZT0Z","WS_SW-Std_Update-1","Microsoft Windows 11 Business","ONLINE"
"CLT-RPZ4WHWJV67","WS_SW-Std_Update-1","Microsoft Windows 11 Business","OFFLINE"
"CLT-RWOMXVDDEGF","WS_SW-Std_Update-1","Microsoft Windows 11 Business","ONLINE"
"CLT-RYPAREML0AQ","WS_SW-Std_Update-1","Microsoft Windows 11 Business","ONLINE"
"CLT-SETQAZ3RKUB","WS_SW-Std_Update-2","Microsoft Windows 11 Pro","OFFLINE"
"CLT-SLBS1TMGGIA","WS_SW-Std_Update-1","Microsoft Windows 11 Business","ONLINE"
"CLT-SRLJFKZCD6Y","WS_SW-Kiosk_Update-1","Microsoft Windows 11 Business","OFFLINE"
"CLT-TBCAPHTMBZ8","WS_SW-Std_Update-1","Microsoft Windows 11 Business","ONLINE"
"CLT-TE4WQBZXSK7","WS_SW-Std_Update-2","Microsoft Windows 11 Business","ONLINE"
"CLT-TICSJLGQPH0","WS_SW-Std_Update-1","Microsoft Windows 11 Business","ONLINE"
"CLT-U8EUTZSXHE0","WS_SW-Std_Update-1","Microsoft Windows 11 Business","OFFLINE"
"CLT-V0SQHULYYZG","WS_SW-Std_Update-1","Microsoft Windows 11 Business","ONLINE"
"CLT-VCMY1YXWQKB","WS_SW-Std_Update-1","Microsoft Windows 11 Pro","OFFLINE"
"CLT-VFFFZXQLBSE","WS_SW-Std_Update-2","Microsoft Windows 11 Business","ONLINE"
"CLT-VHS10TT2HBJ","WS_SW-Std_Update-2","Microsoft Windows 11 Business","OFFLINE"
"CLT-VPVLCXEY3KD","WS_SW-Std_Update-2","Microsoft Windows 11 Business","ONLINE"
"CLT-VRZSAF3GNE0","WS_SW-Kiosk_Update-1","Microsoft Windows 11 Business","ONLINE"
"CLT-VVKS5CNCQUV","WS_SW-Std_Update-2","Microsoft Windows 11 Business","ONLINE"
"CLT-VW0FENKYOWL","WS_SW-Std_Update-1","Microsoft Windows 11 Pro","OFFLINE"
"CLT-W4EKQRZGNWJ","WS_SW-Std_Update-1","Microsoft Windows 11 Business","ONLINE"
"CLT-WUDRWI9DOXN","WS_SW-Std_Update-1","Microsoft Windows 11 Business","OFFLINE"
"CLT-XC8M5CRYPNN","WS_SW-Std_Update-2","Microsoft Windows 11 Business","OFFLINE"
"CLT-Y3ORLXYPVCR","WS_SW-Std_Update-1","Microsoft Windows 11 Business","ONLINE"
"CLT-YBYNPOZXTYE","WS_SW-Std_Update-1","Microsoft Windows 11 Business","ONLINE"
"CLT-YC0YQD7EHS1","WS_SW-Std_Update-1","Microsoft Windows 11 Business","ONLINE"
"CLT-YJDL7FFKPES","WS_SW-Std_Update-1","Microsoft Windows 11 Business","OFFLINE"
"CLT-YNLM8GU93HN","WS_SW-Std_Update-1","Microsoft Windows 11 Business","OFFLINE"
"CLT-Z0DROE97T0C","WS_SW-Std_Update-1","Microsoft Windows 11 Business","OFFLINE"
"CLT-ZAM1JQNCOCR","WS_SW-Std_Update-2","Microsoft Windows 11 Business","OFFLINE"
"CLT-ZIQB4G8VGG9","WS_SW-Std_Update-1","Microsoft Windows 11 Business","ONLINE"
"CLT-ZKHCK47VJZ4","WS_SW-Std_Update-1","Microsoft Windows 11 Business","ONLINE"
"CLT-ZOA9CMAOEER","WS_SW-Std_Update-1","Microsoft Windows 11 Business","ONLINE"
"SV-BI-APP-01","SV_SW-Std_Update-ScanOnly","Microsoft Windows Server 2012 R2 Datacenter","ONLINE"
"SV-BI-DB-01","SV_SW-Std_Update-ScanOnly","Microsoft Windows Server 2012 R2 Datacenter","ONLINE"
"SV-CEE-BI-01","SV_SW-Std_Update-ScanOnly","Microsoft Windows Server 2012 R2 Datacenter","ONLINE"
"SV-DMZ-DVL-01","SV_SW-Std_Auto-Update-1","Microsoft Windows Server 2019 Standard","OFFLINE"
"SV-DMZ-DVL-11","SV_SW-Std_Auto-Update-1","Microsoft Windows Server 2025 Standard","ONLINE"
"SV-DMZ-LF-JP-01","SV_SW-Std_Auto-Update-1","Microsoft Windows Server 2025 Standard","ONLINE"
"SV-EOTEC-01","SV_SW-Std_Update-ScanOnly","Microsoft Windows Server 2016 Standard","ONLINE"
"SV-OS-ADC-11","SV_SW-Std_Auto-Update-1","Microsoft Windows Server 2025 Standard","ONLINE"
"SV-OS-ADC-12","SV_SW-Std_Auto-Update-2","Microsoft Windows Server 2025 Standard","ONLINE"
"SV-OS-APP-01","SV_SW-Std_Auto-Update-1","Microsoft Windows Server 2019 Standard","ONLINE"
"SV-OS-APP-02","SV_SW-Std_Auto-Update-1","Microsoft Windows Server 2019 Standard","ONLINE"
"SV-OS-BAK-01","SV_SW-Std_Auto-Update-2","Microsoft Windows Server 2019 Standard","OFFLINE"
"SV-OS-BAK-02","","ubuntu","OFFLINE"
"SV-OS-BAK-03","SV_SW-Std_Auto-Update-1","Microsoft Windows Server 2019 Standard","OFFLINE"
"SV-OS-BAK-11","","ubuntu","ONLINE"
"SV-OS-BAK-12","SV_SW-Std_Auto-Update-1","Microsoft Windows Server 2025 Standard","ONLINE"
"SV-OS-CEE-TA-01","SV_SW-Std_Auto-Update-1","Microsoft Windows Server 2019 Standard","ONLINE"
"SV-OS-CR-01","SV_SW-Std_Update-ScanOnly","Microsoft Windows Server 2019 Standard","ONLINE"
"SV-OS-DC-01","SV_SW-Std_Auto-Update-1","Microsoft Windows Server 2019 Datacenter","ONLINE"
"SV-OS-DC-02","SV_SW-Std_Auto-Update-2","Microsoft Windows Server 2019 Datacenter","ONLINE"
"SV-OS-DEV-01","WS_SW-Std_Update-1","Microsoft Windows Server 2025 Standard","ONLINE"
"SV-OS-DF-01","","ubuntu","ONLINE"
"SV-OS-DF-DB-01","","ubuntu","ONLINE"
"SV-OS-DF-TA-01","","ubuntu","ONLINE"
"SV-OS-FSND-01","SV_SW-Std_Update-ScanOnly","Microsoft Windows Server 2019 Standard","OFFLINE"
"SV-OS-FSND-02","SV_SW-Std_Update-ScanOnly","Microsoft Windows Server 2019 Standard","OFFLINE"
"SV-OS-FSND-11","SV_SW-Std_Update-ScanOnly","Microsoft Windows Server 2025 Standard","ONLINE"
"SV-OS-FSND-12","SV_SW-Std_Update-ScanOnly","Microsoft Windows Server 2025 Standard","ONLINE"
"SV-OS-HV-11","","ubuntu","OFFLINE"
"SV-OS-IH-01","SV_SW-Std_Auto-Update-2","Microsoft Windows Server 2019 Standard","ONLINE"
"SV-OS-JUMP-01","SV_SW-Std_Auto-Update-1","Microsoft Windows Server 2022 Standard Evaluation","ONLINE"
"SV-OS-KMS-01","SV_SW-Std_Auto-Update-2","Microsoft Windows Server 2025 Standard","ONLINE"
"SV-OS-MGT-01","SV_SW-Std_Auto-Update-2","Microsoft Windows Server 2019 Standard","ONLINE"
"SV-OS-MGT-11","SV_SW-Std_Auto-Update-1","Microsoft Windows Server 2025 Standard","ONLINE"
"SV-OS-NL-01","SV_SW-Std_Update-ScanOnly","Microsoft Windows Server 2019 Standard","ONLINE"
"SV-OS-OIP-01","SV_SW-Std_Update-ScanOnly","Microsoft Windows Server 2019 Standard","ONLINE"
"SV-OS-PRB-01","SV_SW-AV-Rly_Auto-Update-2","Microsoft Windows Server 2025 Standard","ONLINE"
"SV-OS-PRT-01","SV_SW-Std_Update-ScanOnly","Microsoft Windows Server 2019 Standard","ONLINE"
"SV-OS-PRT-11","SV_SW-Std_Update-ScanOnly","Microsoft Windows Server 2025 Standard","ONLINE"
"SV-OS-PRTG-01","SV_SW-Std_Auto-Update-2","Microsoft Windows Server 2025 Standard","ONLINE"
"SV-OS-PWR-01","SV_SW-Std_Update-ScanOnly","Microsoft Windows Server 2019 Standard","ONLINE"
"SV-OS-SAGE-01","SV_SW-Std_Update-ScanOnly","Microsoft Windows Server 2019 Standard","ONLINE"
"SV-OS-SQLND-01","SV_SW-Std_Update-ScanOnly","Microsoft Windows Server 2019 Standard","ONLINE"
"SV-OS-SQLND-02","SV_SW-Std_Update-ScanOnly","Microsoft Windows Server 2019 Standard","ONLINE"
"SV-OS-SQLND-05","","Microsoft Windows Server 2022 Standard","OFFLINE"
"SV-OS-SQLND-11","","Microsoft Windows Server 2025 Standard","OFFLINE"
"SV-OS-SQLND-12","","Microsoft Windows Server 2025 Standard","OFFLINE"
"SV-OS-TIME-01","SV_SW-Std_Update-ScanOnly","Microsoft Windows Server 2019 Standard","ONLINE"
"SV-OS-TIME-11","","Microsoft Windows Server 2025 Standard","ONLINE"
"SV-OS-UPS-01","SV_SW-Std_Auto-Update-1","Microsoft Windows Server 2019 Standard","OFFLINE"
"SV-OS-WDS-11","SV_SW-Std_Auto-Update-2","Microsoft Windows Server 2019 Standard","OFFLINE"
"SV-OS-WSUS-01","","Microsoft Windows Server 2025 Standard","ONLINE"
"SV-PB-DVL-11","SV_SW-Std_Auto-Update-1","Microsoft Windows Server 2025 Standard","ONLINE"
"SV-PB-HV-01","SV_SW-Std_Update-ScanOnly","Microsoft Windows Server 2019 Standard","OFFLINE"
"SV-PB-PRB-11","SV_SW-AV-Rly_Auto-Update-2","Microsoft Windows Server 2025 Standard","ONLINE"
"SV-PSG-CIM-01","SV_SW-Std_Update-ScanOnly","Microsoft Windows Server 2019 Standard","ONLINE"
"SV-PSG-CIM-02","SV_SW-Std_Update-ScanOnly","Microsoft Windows Server 2019 Standard","ONLINE"
"SV-PSG-DC-01","SV_SW-Std_Auto-Update-1","Microsoft Windows Server 2019 Standard","ONLINE"
"SV-PSG-DC-02","SV_SW-Std_Auto-Update-2","Microsoft Windows Server 2019 Standard","ONLINE"
"SV-PSG-HIST-01","SV_SW-Std_Update-ScanOnly","Microsoft Windows Server 2019 Standard","ONLINE"
